{
  "train": {
    "accuracy": 0.9422703348885089,
    "f1_macro": 0.8929058860653524,
    "f1_micro": 0.9422703348885089,
    "classification_report": {
      "Complaint": {
        "precision": 0.9670419892094769,
        "recall": 0.9811971914792336,
        "f1-score": 0.9740681670506232,
        "support": 8403.0
      },
      "Correspondence": {
        "precision": 0.7102803738317757,
        "recall": 0.987012987012987,
        "f1-score": 0.8260869565217391,
        "support": 308.0
      },
      "Declaration/Affidavit": {
        "precision": 0.6536731634182908,
        "recall": 0.990909090909091,
        "f1-score": 0.7877145438121048,
        "support": 440.0
      },
      "Discovery Material/FOIA Release": {
        "precision": 0.7851239669421488,
        "recall": 1.0,
        "f1-score": 0.8796296296296297,
        "support": 95.0
      },
      "Docket": {
        "precision": 0.9972344232959167,
        "recall": 0.9969100666775086,
        "f1-score": 0.9970722186076773,
        "support": 6149.0
      },
      "Executive Order": {
        "precision": 1.0,
        "recall": 1.0,
        "f1-score": 1.0,
        "support": 4.0
      },
      "FOIA Request": {
        "precision": 0.5789473684210527,
        "recall": 1.0,
        "f1-score": 0.7333333333333333,
        "support": 11.0
      },
      "Findings Letter/Report": {
        "precision": 0.8752475247524752,
        "recall": 0.9844097995545658,
        "f1-score": 0.9266247379454927,
        "support": 449.0
      },
      "Internal memorandum": {
        "precision": 0.7871485943775101,
        "recall": 0.9949238578680203,
        "f1-score": 0.8789237668161435,
        "support": 197.0
      },
      "Justification Memo": {
        "precision": 0.819672131147541,
        "recall": 0.9803921568627451,
        "f1-score": 0.8928571428571429,
        "support": 51.0
      },
      "Legislative Report": {
        "precision": 1.0,
        "recall": 1.0,
        "f1-score": 1.0,
        "support": 11.0
      },
      "Magistrate Report/Recommendation": {
        "precision": 0.7752161383285303,
        "recall": 1.0,
        "f1-score": 0.8733766233766234,
        "support": 269.0
      },
      "Monitor/Expert/Receiver Report": {
        "precision": 0.8291641244661379,
        "recall": 0.9700214132762313,
        "f1-score": 0.8940789473684211,
        "support": 1401.0
      },
      "Notice of Investigation or Suit/Demand Letter": {
        "precision": 0.7450592885375494,
        "recall": 0.9716494845360825,
        "f1-score": 0.843400447427293,
        "support": 388.0
      },
      "Order/Opinion": {
        "precision": 0.9827412868632708,
        "recall": 0.9471134436818732,
        "f1-score": 0.9645984951276675,
        "support": 24770.0
      },
      "Other": {
        "precision": 0.6669675090252708,
        "recall": 0.8445714285714285,
        "f1-score": 0.7453353504790721,
        "support": 875.0
      },
      "Pleading / Motion / Brief": {
        "precision": 0.9642639239954676,
        "recall": 0.8777372262773723,
        "f1-score": 0.9189683100053994,
        "support": 12604.0
      },
      "Press Release": {
        "precision": 0.953360768175583,
        "recall": 0.9886201991465149,
        "f1-score": 0.9706703910614525,
        "support": 703.0
      },
      "Settlement Agreement": {
        "precision": 0.7389473684210527,
        "recall": 0.9130434782608695,
        "f1-score": 0.8168218085106383,
        "support": 2691.0
      },
      "Statement of Interest (DOJ)": {
        "precision": 0.8571428571428571,
        "recall": 1.0,
        "f1-score": 0.9230769230769231,
        "support": 78.0
      },
      "Statute/Ordinance/Regulation": {
        "precision": 0.7983193277310925,
        "recall": 1.0,
        "f1-score": 0.8878504672897196,
        "support": 95.0
      },
      "Transcript": {
        "precision": 0.8368794326241135,
        "recall": 0.9957805907172996,
        "f1-score": 0.9094412331406551,
        "support": 237.0
      },
      "accuracy": 0.9422703348885089,
      "macro avg": {
        "precision": 0.8328377982139596,
        "recall": 0.9738314734014465,
        "f1-score": 0.8929058860653524,
        "support": 60229.0
      },
      "weighted avg": {
        "precision": 0.949525269555798,
        "recall": 0.9422703348885089,
        "f1-score": 0.9439564812815509,
        "support": 60229.0
      }
    }
  },
  "validation": {
    "accuracy": 0.9025958930647036,
    "f1_macro": 0.6695393139444791,
    "f1_micro": 0.9025958930647036,
    "classification_report": {
      "Complaint": {
        "precision": 0.9551176792556103,
        "recall": 0.968906163242643,
        "f1-score": 0.961962513781698,
        "support": 1801.0
      },
      "Correspondence": {
        "precision": 0.3394495412844037,
        "recall": 0.578125,
        "f1-score": 0.4277456647398844,
        "support": 64.0
      },
      "Declaration/Affidavit": {
        "precision": 0.5157232704402516,
        "recall": 0.8723404255319149,
        "f1-score": 0.6482213438735178,
        "support": 94.0
      },
      "Discovery Material/FOIA Release": {
        "precision": 0.5294117647058824,
        "recall": 0.45,
        "f1-score": 0.4864864864864865,
        "support": 20.0
      },
      "Docket": {
        "precision": 0.9909159727479182,
        "recall": 0.9931714719271624,
        "f1-score": 0.9920424403183024,
        "support": 1318.0
      },
      "Executive Order": {
        "precision": 0.0,
        "recall": 0.0,
        "f1-score": 0.0,
        "support": 0.0
      },
      "FOIA Request": {
        "precision": 1.0,
        "recall": 1.0,
        "f1-score": 1.0,
        "support": 2.0
      },
      "Findings Letter/Report": {
        "precision": 0.7669902912621359,
        "recall": 0.8144329896907216,
        "f1-score": 0.79,
        "support": 97.0
      },
      "Internal memorandum": {
        "precision": 0.4883720930232558,
        "recall": 0.5,
        "f1-score": 0.49411764705882355,
        "support": 42.0
      },
      "Justification Memo": {
        "precision": 0.5714285714285714,
        "recall": 0.36363636363636365,
        "f1-score": 0.4444444444444444,
        "support": 11.0
      },
      "Legislative Report": {
        "precision": 0.6666666666666666,
        "recall": 1.0,
        "f1-score": 0.8,
        "support": 2.0
      },
      "Magistrate Report/Recommendation": {
        "precision": 0.5714285714285714,
        "recall": 0.5614035087719298,
        "f1-score": 0.5663716814159292,
        "support": 57.0
      },
      "Monitor/Expert/Receiver Report": {
        "precision": 0.7015706806282722,
        "recall": 0.8903654485049833,
        "f1-score": 0.7847730600292826,
        "support": 301.0
      },
      "Notice of Investigation or Suit/Demand Letter": {
        "precision": 0.44660194174757284,
        "recall": 0.5476190476190477,
        "f1-score": 0.4919786096256685,
        "support": 84.0
      },
      "Order/Opinion": {
        "precision": 0.9668098399062867,
        "recall": 0.93293142426526,
        "f1-score": 0.949568552253116,
        "support": 5308.0
      },
      "Other": {
        "precision": 0.430622009569378,
        "recall": 0.4787234042553192,
        "f1-score": 0.4534005037783375,
        "support": 188.0
      },
      "Pleading / Motion / Brief": {
        "precision": 0.9262729124236253,
        "recall": 0.84159881569208,
        "f1-score": 0.8819080860965678,
        "support": 2702.0
      },
      "Press Release": {
        "precision": 0.8881987577639752,
        "recall": 0.9533333333333334,
        "f1-score": 0.9196141479099679,
        "support": 150.0
      },
      "Settlement Agreement": {
        "precision": 0.6837725381414702,
        "recall": 0.854419410745234,
        "f1-score": 0.7596302003081664,
        "support": 577.0
      },
      "Statement of Interest (DOJ)": {
        "precision": 0.75,